title,price,rating,oprice,brand,New_Price,New_Rating,New_Oprice
USM ID116 Smart Watch Smart Bracelet Fitness Tracker Color Screen Smartwatch Heart Rate Blood Pressure Pedometer Sleep Monitor  ,329,4.4,₹329,USM,329,4.4,329
"boAt Xtend Smartwatch Batman Edition with Alexa Built-in, 1.69” HD Display, Multiple Watch Faces, Stress Monitor, Heart & SpO2 Monitoring, 14 Sports Modes, Sleep Monitor, 5 ATM(Knight Black)  ","1,299",4.1,"₹1,299",boAt,1299,4.1,1299
"boAt Flash Edition Smart Watch with Activity Tracker, Multiple Sports Modes, 1.3"" Screen, 170+ Watch Faces, Sleep Monitor, Gesture, Camera & Music Control, IP68 & 7 Days Battery Life(Lightning Black)  ","1,499",4.0,"₹1,499",boAt,1499,4.0,1499
"Noise ColorFit Pulse Grand Smart Watch with 1.69""(42.9cm) HD Display, 60 Sports Modes, 150 Watch Faces, Fast Charge, Spo2, Stress, Sleep, Heart Rate Monitoring & IP68 Waterproof (Champagne Grey)  ","1,299",4.0,"₹1,299",Noise,1299,4.0,1299
Digital Sports Multi Functional Black Dial Watch for Mens Boys -315RED  ,284,3.8,₹284,Shocknshop,284,3.8,284
Silicone Strap Analog Wrist Watch for Men (Black/Blue/Red) | LD-BK054  ,397,4.0,₹397,LOUIS DEVIN,397,4.0,397
"Fire-Boltt Ninja Call Pro Plus 1.83"" Smart Watch with Bluetooth Calling, AI Voice Assistance, 100 Sports Modes IP67 Rating, 240 * 280 Pixel High Resolution  ","1,799",4.3,"₹1,799",Fire-Boltt,1799,4.3,1799
SHREENOVA® ID116 Plus Bluetooth Fitness Smart Watch for Men Women and Kids Activity Tracker (Black)  ,399,3.1,₹399,Generic,399,3.1,399
"boAt Wave Prime47 Smart Watch with 1.69"" HD Display, 700+ Active Modes, ASAP Charge, Live Cricket Scores, Crest App Health Ecosystem, HR & SpO2 Monitoring(Matte Black)  ","1,199",3.4,"₹1,199",boAt,1199,3.4,1199
"Tokdis MX-1 Pro Bluetooth Calling Smartwatch - 1.69” LCD Display, Multiple Watch Faces, Sleep Monitor, Heart & SpO2 Monitoring, Multiple Sports Modes  ",799,3.1,₹799,Tokdis,799,3.1,799
Analog Day Date Functioning Stainless Steel Chain Watch for Men  ,319,3.8,₹319,TIMEWEAR,319,3.8,319
"Digital 24 Images Projector Watch for Kids Boys Watch, Diwali Gift, Birthday Return Gift, Best Digital Toy Watch for Boy's & Girl's BG-906  ",289,4.1,₹289,ADAMO,289,4.1,289
"boAt Newly Launched Wave Armour with 1.83” HD Display, Bluetooth Calling, Rugged Design, HR, SpO2 & Sleep Monitoring, Multiple Sports Modes, Multiple Watch Faces(Olive Green)  ","2,199",4.6,"₹2,199",boAt,2199,4.6,2199
"boAt Flash Edition Smart Watch with Activity Tracker, Multiple Sports Modes, 1.3"" Screen, 170+ Watch Faces, Sleep Monitor, Gesture, Camera & Music Control, IP68 & 7 Days Battery Life(Galaxy Blue)  ","1,499",4.0,"₹1,499",boAt,1499,4.0,1499
"Hammer Ace 3.0 Bluetooth Calling Smart Watch with Largest 1.85"" IPS Display, Dual Mode, Spo2, Heart Rate, Strong Metallic Body & Skin Friendly Strap (Black)  ","1,499",4.5,"₹1,499",Hammer,1499,4.5,1499
"Fire-Boltt Gladiator 1.96"" Biggest Display Smart Watch with Bluetooth Calling, Voice Assistant &123 Sports Modes, 8 Unique UI Interactions, SpO2, 24/7 Heart Rate Tracking, Rs 100 Off on UPI  ","2,499",4.0,"₹2,499",Fire-Boltt,2499,4.0,2499
"Bouncefit D20 Y68 Fitness Band Smartwatch – Single Touch Interface, Water Resistant, Workout Modes, Quick Charge Sports Smartwatch for Boys and Girls – Jet Black  ",480,3.0,₹480,Bouncefit,480,3.0,480
IBS Ultra Seris 8 Smart Watch Men Two Watch NFC Door Unlock Smartwatch Bluetooth Call Wireless Charge Fitness Bracelet (Ultra T-800 Orange)  ,"1,799",3.2,"₹1,799",IBS,1799,3.2,1799
Vintage Series Digital Dial Men's & Women's Watch  ,299,2.7,₹299,MIVAAN,299,2.7,299
"Noise Pulse Go Buzz Smart Watch with Advanced Bluetooth Calling, 1.69"" Display, 150+ Cloud Watch Face, SPo2, Heart Rate Tracking, 100 Sports Mode with Auto Detection, Longer Battery (Midnight Blue)  ","1,699",4.1,"₹1,699",Noise,1699,4.1,1699
Analog Day & Date Display Wrist Watch for Men & Boys (Black)  ,299,3.6,₹299,Matrix,299,3.6,299
Krishna Analog Analog Watch - for Boys & Girls  ,224,5.0,₹224,Generic,224,5.0,224
"Fire-Boltt Ring 3 Smart Watch 1.8"" Biggest Display Advanced Bluetooth Calling Chip, Voice Assistance,118 Sports Modes, in Built Calculator & Games, SpO2, Heart Rate Monitoring  ","1,999",4.2,"₹1,999",Fire-Boltt,1999,4.2,1999
"Smart Watch for men women boys 1.3"" OLED HD Display, Multiple watch Faces, SpO2 Monitoring, Sleep Monitor for Boys, Girls, Mens, Women & Kids for all Smartphones (ID 116 Plus Black) (ID116 Black)  ",432,4.6,₹432,LOCREST,432,4.6,432
Kids Black Dial Digital Watch Date and Time Watch with M4 White Band Watch for Kids Boys and Girls (Pack of-2) (White) (White)  ,299,3.3,₹299,Oculus,299,3.3,299
Stainless Steel Watch Series Analogue Men's Watch (Black Dial Mens Long Colored Strap) -W219  ,285,3.8,₹285,Shocknshop,285,3.8,285
WT005 Stainless Steel Chain Analog Wrist Watch for Men  ,359,3.9,₹359,LOUIS DEVIN,359,3.9,359
Simple Sport Digital Men’s Military Watches Electronic LED Time Black Wrist Watch  ,449,3.8,₹449,Shocknshop,449,3.8,449
Analog Boy's & Men's Watch (Blue Dial Blue Colored Strap)  ,266,3.6,₹266,REDUX,266,3.6,266
Digital Watch Shockproof Multi-Functional Automatic Black Color Strap Waterproof Digital Sports Watch for Mens Kids Watch for Boys Watch for Men Pack of 1 Watch Water Resistance Digital Watch  ,189,3.8,₹189,SELLORIA,189,3.8,189
Analogue - Digital Men's Watch (Black Dial Black Colored Strap)  ,799,3.8,₹799,V2A,799,3.8,799
Analogue Black Dial Men's Watch - SS-GR918-BLK-BLK  ,149,2.5,₹149,SWISSTYLE,149,2.5,149
Digital Dial Men's & Women's Watch(AB206-VSD)  ,299,2.3,₹299,CERO,299,2.3,299
"Fire-Boltt Gladiator 1.96"" Biggest Display Smart Watch with Bluetooth Calling, Voice Assistant &123 Sports Modes, 8 Unique UI Interactions, SpO2, 24/7 Heart Rate Tracking, Rs 100 Off on UPI  ","2,499",4.0,"₹2,499",Fire-Boltt,2499,4.0,2499
Multi Dial Chronograph Luxury Quartz Analog Watch for Men  ,339,3.7,₹339,SWADESI STUFF,339,3.7,339
"Noise ColorFit Pulse Grand Smart Watch with 1.69""(4.2cm) HD Display, 60 Sports Modes, 150 Watch Faces, Fast Charge, Spo2, Stress, Sleep, Heart Rate Monitoring & IP68 Waterproof (Lime Green)  ","1,299",4.0,"₹1,299",Noise,1299,4.0,1299
Analog Men's Watch (Multicolor Dial Multi Colored Strap)  ,129,3.1,₹129,hamt,129,3.1,129
"boAt Matrix Smart Watch with 1.65” AMOLED Display, Always On Mode, Slim Premium Design, Heart Rate & SpO2 Monitoring, Health Ecosystem & Multiple Sports Modes, 3ATM & 7 Days Battery Life(Pitch Black)  ","1,499",3.9,"₹1,499",boAt,1499,3.9,1499
Premium Casual Stylish Watch | Luxury Working Chronograph Watch for Men | Water-Resistant Branded Men's Wrist Watch with Stopwatch & Date Display - Timegrapher Red Leather Watch  ,"1,109",3.0,"₹1,109",Sylvi,1109,3.0,1109
New Edition i7 Pro Max All in One Series 7 Smart Watch with Fitness Tracker Heart Monitor Men Women Smart Watch Black  ,619,3.2,₹619,Generic,619,3.2,619
New LED Square Digital Watch for Boys & Girls  ,99,2.7,₹99,RPS FASHION WITH DEVICE OF R,99,2.7,99
"SHREENOVA XA Smart Watch for Men & Women Latest Bluetooth 1.3"" LED with Daily Activity Tracker, Heart Rate Sensor,Sports Gym Watch for All Boys & Girls - Black  ",295,3.0,₹295,Generic,295,3.0,295
Analog Men's Watch (Brown Dial Brown Colored Strap)  ,299,3.6,₹299,SWISSTONE,299,3.6,299
"OLICOM M1 Smart Watch Id-116 Bluetooth Smartwatch Wireless Fitness Band for Boys, Girls, Men, Women & Kids | Sports Gym Watch for All Smart Phones I Heart Rate and spo2 Monitor  ",499,3.6,₹499,OLICOM,499,3.6,499
The Watch (Fourteen Tales of Thirteen Covens Book 5)  ,0,5.0,₹0,Audrey Brice,0,5.0,0
"boAt Xtend Smart Watch with Alexa Built-in, 1.69” HD Display, Multiple Watch Faces, Stress Monitor, HR & SpO2 Monitoring, 14 Sports Modes, Sleep Monitor, 5 ATM & 7 Days Battery Life(Deep Blue)  ","1,799",4.1,"₹1,799",boAt,1799,4.1,1799
Brand - A Digital Watch Shockproof Multi-Functional Automatic 5 Color Army Strap Waterproof Digital Sport's Watches for Men's Kids Watch for Boys - Watches for Men  ,275,3.8,₹275,Acnos,275,3.8,275
"PTron Newly Launched Force X10 Bluetooth Calling Smartwatch with 1.7"" Full Touch Color Display, Real Heart Rate Monitor, SpO2, Watch Faces, 5 Days Runtime, Fitness Trackers & IP68 Waterproof (Pink)  ","1,099",3.2,"₹1,099",pTron,1099,3.2,1099
"pTron Force X12S Bluetooth Calling Smartwatch, 1.85"" Full Touch HD Display, Functional Crown, Real Heart Rate Monitor, SpO2, Watch Faces, 5 Days Battery Life, Fitness Trackers & IP68 Waterproof (Pink)  ","1,199",3.2,"₹1,199",pTron,1199,3.2,1199
"OLICOM M1 Smart Watch Id-116 Bluetooth Smartwatch Wireless Fitness Band for Boys, Girls, Men, Women & Kids | Sports Gym Watch for All Smart Phones I Heart Rate and spo2 Monitor  ",499,3.6,₹499,OLICOM,499,3.6,499
LED Digital Watch Good Looking Black Watch for Boys & Girls (Black Color)  ,95,2.9,₹95,Generic,95,2.9,95
"boAt Xtend Smart Watch with Alexa Built-in, 1.69” HD Display, Multiple Watch Faces, Stress Monitor, HR & SpO2 Monitoring, 14 Sports Modes, Sleep Monitor, 5 ATM & 7 Days Battery Life(Deep Blue)  ","1,799",4.1,"₹1,799",boAt,1799,4.1,1799
Analog Women's Watch (Blue Dial Silver Colored Strap).  ,327,4.0,₹327,SWISSTONE,327,4.0,327
Analogue Men's Watch(Gold Dial Silver Colored Strap)-S1089-2  ,"4,099",4.0,"₹4,099",FORSINING,4099,4.0,4099
Karishma Analog Black Dial Men's Watch-NL1636SM01  ,"1,615",4.1,"₹1,615",Titan,1615,4.1,1615
Neo Analog Dial Men's Watch  ,"4,194",4.3,"₹4,194",Titan,4194,4.3,4194
Diamond Studded Stylish Analogue Watch with Rose Gold Dot Bracelet for Girls & Women  ,240,3.8,₹240,ZUPERIA,240,3.8,240
Analogue Silver Dial Day and Date Men's Boy's Watch - Dexter0507  ,241,3.4,₹241,Espoir,241,3.4,241
"AYL Smart Watch New Generation for You ID116 Touchscreen Android Smart Watch Bluetooth Smartwatch with Heart Rate Sensor and Basic Functionality for All Women, Men, Boys & Girls - Black  ",499,3.4,₹499,AYL,499,3.4,499
Axial Digital Black Dial Men's Watch-DZT2017  ,"10,397",3.8,"₹10,397",Diesel,10397,3.8,10397
Analog Dial Men's Watch  ,"1,894",4.2,"₹1,894",Titan,1894,4.2,1894
"PTron Newly Launched Force X10 Bluetooth Calling Smartwatch with 1.7"" Full Touch Color Display, Real Heart Rate Monitor, SpO2, Watch Faces, 5 Days Runtime, Fitness Trackers & IP68 Waterproof (Pink)  ","1,099",3.2,"₹1,099",pTron,1099,3.2,1099
LED Digital Sports Multi Functional Black Dial Watch for Mens Boys -W1257  ,449,3.4,₹449,Shocknshop,449,3.4,449
"MARVIK Smart Watch D116 for Xiaomi Mi Note 10 Smart Watch LED with Activity Tracker, Heart Rate Sensor, Sleep Monitor and Basic Functionality for All Boys Girls  ",449,3.1,₹449,MARVIK,449,3.1,449
Brand - Analogue Men's Watch (Black Dial Multi Colored Strap) (1.Gold)  ,295,3.7,₹295,Acnos,295,3.7,295
RPM Analog Grey Dial Men's Watch-NN77031SL03/NP77031SL03  ,"1,699",4.1,"₹1,699",Sonata,1699,4.1,1699
Square Multi DIAL Analog Silicon Strap ADDI Stylish Designer Analog Watch - for Boys  ,189,3.5,₹189,SWADESI STUFF,189,3.5,189
"AYL Waterproof D-20 Touch Screen Smart Watch Bluetooth Smartwatch with Blood Pressure Tracking, Heart Rate Sensor and Basic Functionality for All Women and Girls (Pink)  ",470,3.3,₹470,AYL,470,3.3,470
Multi Functional Sports Digital Multicolor Dial Men's Watch  ,199,3.6,₹199,ASGARD,199,3.6,199
"Smart Watch for men women boys 1.3"" OLED HD Display, Multiple watch Faces, SpO2 Monitoring, Sleep Monitor for Boys, Girls, Mens, Women & Kids for all Smartphones (ID 116 Plus Black) (ID116 Black)  ",432,4.6,₹432,LOCREST,432,4.6,432
"Fire-Boltt Ninja 3 1.83"" Display Smartwatch Full Touch with 100+ Sports Modes with IP68, Sp02 Tracking, Over 100 Cloud Based Watch Faces  ","1,299",4.2,"₹1,299",Fire-Boltt,1299,4.2,1299
Analog Men's Watch ( Dial Blue Colored Strap)  ,"2,695",4.1,"₹2,695",CURREN,2695,4.1,2695
Analog Men's Watch  ,"1,298",4.1,"₹1,298",TIMEX,1298,4.1,1298
Analog Dial Men's Watch  ,"1,849",4.4,"₹1,849",Titan,1849,4.4,1849
"MARVIK Smart Watch D116 for Xiaomi Mi Note 9 Smart Watch Bluetooth SmartWatch with Activity Tracker, Heart Rate Sensor, Sleep Monitor and Basic Functionality for All Boys & Girls  ",449,3.1,₹449,MARVIK,449,3.1,449
Watches for Men Round Numerical Dial |Analogue Quartz Movemnet Mens Watch|Long Battery Life|Stainless Steel Adjustable Bracelet Black Chain with Long Lasting Polish| Watches for Boys  ,249,4.4,₹249,IIK COLLECTION,249,4.4,249
VMBS A1 Smart Watch Mobile Inbuild Camera Supporting 4G/5G Sim Smartwatch for Phone  ,990,2.5,₹990,VMBS,990,2.5,990
"Fire-Boltt Ring 3 Smart Watch 1.8"" Biggest Display Advanced Bluetooth Calling Chip, Voice Assistance,118 Sports Modes, in Built Calculator & Games, SpO2, Heart Rate Monitoring  ","1,999",4.2,"₹1,999",Fire-Boltt,1999,4.2,1999
Analog Dial Black Metal Strap Watch Series Watches for Men Watch for Man and Watch for Boys  ,284,3.5,₹284,The Shopoholic,284,3.5,284
"Noise ColorFit Ultra Buzz Bluetooth Calling Smart Watch with 1.75"" HD Display, 320x385 px Resolution, 100 Sports Modes, Stock Market Info Smartwatch for Men & Women (Champagne Grey)  ","1,999",4.1,"₹1,999",Noise,1999,4.1,1999
Lapster USB all types smartwatch charger cable for boat watch charger & boat xtend watch charger & boat storm watch charger- All 2 Pin Watch (Cable Only)  ,113,3.4,₹113,LS LAPSTER Quality Assured,113,3.4,113
Analogue Blue Black and Brown Color Dial Day and Date Boy's and Men's Watch  ,249,3.7,₹249,Espoir,249,3.7,249
i8 Pro Max Touch Screen Bluetooth Smartwatch with Activity Tracker Compatible with All 3G/4G/5G Android & iOS Smartphones - Black  ,919,2.9,₹919,Generic,919,2.9,919
"Redmi Watch 2 Lite - 3.94 cm Large HD Edge Display, Multi-System Standalone GPS, Continuous SpO2, Stress & Sleep Monitoring, 24x7 HR, 5ATM, 120+ Watch Faces, 100+ Sports Modes, Women's Health, Blue  ","2,499",3.9,"₹2,499",Redmi,2499,3.9,2499
"Watch City Brand Analogue Watch Waterproof Sport Look 7 Color Silicone Strap Watch Multicolor Waterproof Sport Watch for Men's Kids, Boys, Men  ",335,3.8,₹335,,335,3.8,335
"Waterproof D20 Touchscreen Smart Watch Bluetooth Smartwatch with Blood Pressure Tracking, Heart Rate Sensor and Basic Functionality for All Women and Men  ",332,2.5,₹332,Generic,332,2.5,332
Black Dial Analogue Watch for Men Pack of 1 (FULLBLKPAYDU)  ,265,3.6,₹265,Acnos,265,3.6,265
"Digital 24 Images Projector Watch for Kids Boys Watch, Diwali Gift, Birthday Return Gift, Best Digital Toy Watch for Boy's & Girl's BG-906  ",289,4.1,₹289,ADAMO,289,4.1,289
Silicone Strap Black Dial Watch for Men | Watches for Boys | Stylish Analog Watches for Men  ,"1,499",5.0,"₹1,499",Sylvi,1499,5.0,1499
New Fastrack Reflex Beat+ 1.69” UltraVU Display|500 Nits Brightness|60 Sports Modes|24*7 Heart Rate Monitor|SpO2 Monitor|Sleep Tracker|IP68 Water Resistant|Music & Camera Control  ,"1,694",3.9,"₹1,694",Fastrack,1694,3.9,1694
Premium Casual Stylish Watch | Luxury Working Chronograph Watch for Men | Water-Resistant Branded Men's Wrist Watch with Stopwatch & Date Display - Timegrapher Red Leather Watch  ,"1,109",3.0,"₹1,109",Sylvi,1109,3.0,1109
Venus Digital Grey Dial Men's Watch-NL7982PP01/NM7982PP01  ,499,4.1,₹499,SF,499,4.1,499
Analog Silver Dial Men's Watch-TW0TG6502  ,"1,747",4.3,"₹1,747",TIMEX,1747,4.3,1747
"Fire-Boltt Astro 1.78"" AMOLED Display Smartwatch, Always On Display, Bluetooth Calling with AI Voice, 110+ Sports Modes, Rotating Button Technology, High Resolution of 368 * 448 Pixels  ","2,999",4.1,"₹2,999",Fire-Boltt,2999,4.1,2999
Analog Dial Men's Watch  ,"1,998",4.2,"₹1,998",Titan,1998,4.2,1998
"boAt Wave Lite Smartwatch with 1.69 Inches(4.29cm) HD Display, Heart Rate & SpO2 Level Monitor, Multiple Watch Faces, Activity Tracker, Multiple Sports Modes & IP68 (Scarlet Red)  ","1,499",3.9,"₹1,499",boAt,1499,3.9,1499
Analog White Dial Men's Watch-HB611251ABR  ,"7,440",4.1,"₹7,440",Mathey-Tissot,7440,4.1,7440
"Hammer Pulse Ace Pro Bluetooth Calling Smartwatch with SpO2 & 1.81” Aluminium Alloy Body with Blood Oxygen Monitoring, Heart Rate, Full Touch & Multiple Watch Faces with Customization (Black)  ","1,798",3.8,"₹1,798",Hammer,1798,3.8,1798
Watch: A Novel  ,939.,4.6,₹939.86,Keith Buckley,939.,4.6,939.86
"Kids Sports Digital Watch, Multi Function Digital Kids Watches Waterproof LED Light Wristwatches for Boys Girls - 1451  ",840,4.2,₹840,SKMEI,840,4.2,840
"SENS NUTON 1 with 1.7 IPS Display, Orbiter, 5ATM & 150+ Watch Faces & Free Additional Strap (Royal Silver)  ","1,099",3.9,"₹1,099",SENS,1099,3.9,1099
Analogue Men's Watch (Black Dial Black Colored Strap)  ,249,3.7,₹249,JAGER,249,3.7,249
"New LED Watch for Boys, Girls and Kids Digital Black Dial Led Watch for Kids Unisex Birthday Gift Digital Watch  ",100,3.9,₹100,BITZAG,100,3.9,100
Classics Analog White Dial Women's Watch-B300  ,625,4.2,₹625,TIMEX,625,4.2,625
Multi Function Day and Date Alarm Kids Digital Sports Watch for Boys & Girls  ,339,3.6,₹339,SWADESI STUFF,339,3.6,339
"CrossBeats Ignite GRIT Smart Watch, 1.83 AMOLED Display with Advanced Bluetooth Calling, Rotating Crown,AI Health Sensors, 150+ Sports Modes, 250+Watch Faces, in-Built Games, 15 Days Battery-Black  ","2,999",4.3,"₹2,999",CrossBeats,2999,4.3,2999
Analog Black Dial Men's Watch-TI000R41500  ,"1,208",4.0,"₹1,208",TIMEX,1208,4.0,1208
Analogue Men's Watch (Silver Dial Silver Colored Strap)  ,322,3.9,₹322,AUREX,322,3.9,322
Brishti Super-Hero Multicolored Glowing Light Digital Wrist Watch for Kid's (Best Return Gift for Boy's)  ,299,3.8,₹299,Brishti,299,3.8,299
"Samsung Galaxy Watch4 LTE (4.4 cm, Black, Compatible with Android only)  ","18,999",4.3,"₹18,999",Samsung,18999,4.3,18999
Analog Multi-Colour Dial Children's Watch-NLC3030PP05/NPC3030PP05W  ,845,4.3,₹845,Zoop,845,4.3,845
"Gen 5E Smartwatch with AMOLED Screen, Wear OS by Google, Built-in Speaker for Phone Calls, Google Assistant, SpO2, GPS, NFC, Wellness Features and Smartphone Notifications  ","14,794",3.9,"₹14,794",Fossil,14794,3.9,14794
NOVA Skeleton Automatic Watch Mechanical Wrist Watch for Men Bezel Screw Design Silicone Band Self-Wind Business Watch for Men  ,"3,490",4.2,"₹3,490",ALTURA,3490,4.2,3490
"CrossBeats Ignite S5 Advanced AI ENC BT Calling Smartwatch, 1.96” Super AMOLED Anti-Glare Screen, Always on Display, Calculator, 500+ Watch Faces, 360 Degree Health Tracking, Fast Charge (Silver)  ","4,999",4.1,"₹4,999",CrossBeats,4999,4.1,4999
"CrossBeats Newly launched Ignite S5 Advanced AI ENC BT Calling Smartwatch, 1.96” Super AMOLED Anti-Glare Screen, Always on Display, SnapCharge™ Calculator, 500+ Watch Faces, AI Health Feature (Black)  ","4,999",4.1,"₹4,999",CrossBeats,4999,4.1,4999
Boy's Avenger Printed Analog Watch and King Bracelet Combo (Black)  ,249,3.6,₹249,CERO,249,3.6,249
"Apple Watch SE (2nd Gen) [GPS 40 mm] Smart Watch w/Midnight Aluminium Case & Midnight Sport Band. Fitness & Sleep Tracker, Crash Detection, Heart Rate Monitor, Retina Display, Water Resistant  ","29,400",4.6,"₹29,400",Apple,29400,4.6,29400
Analogue White Slim Dial Luxurious Blue/Red Fabric Strap Fashion Men's Wrist Watch  ,269,3.7,₹269,FRIEDRICH,269,3.7,269
"boAt Blaze Smart Watch with 1.75” HD Display, Fast Charge, Apollo 3 Blue Plus Processor, 24x7 Heart Rate & SpO2 Monitor, Multiple Watch Faces, Multiple Sports Modes & 7 Days Battery Life(Deep Blue)  ","1,499",3.8,"₹1,499",boAt,1499,3.8,1499
Black dial-case and Black Leather Watch for Men Pack of - 1  ,245,3.4,₹245,Acnos,245,3.4,245
Beyond Gold Analog Black Dial Men's Watch-NN77031KM03/NP77031KM03  ,"2,085",4.3,"₹2,085",Sonata,2085,4.3,2085
Bikers Analog White Dial Men's Watch-NL3022SL01/NP3022SL01  ,"3,595",4.2,"₹3,595",Fastrack,3595,4.2,3595
Analog Champagne Dial Women's Watch-NL87018YM01/NP87018YM01  ,825,4.2,₹825,Sonata,825,4.2,825
Chronograph Design Multi Analog Combo Watches for Men and Watches for Boys Pack of 3  ,355,3.5,₹355,Acnos,355,3.5,355
Fastrack Reflex Hello Smart Watch with BT Calling|Bright HD Display|AI Voice Assistant|50+ Sports Modes|100+ Watchfaces|BP Monitor|24x7 HRM| SpO2|Upto 5 Day Battery|Camera & Music Control|IP68  ,"3,994",3.8,"₹3,994",Fastrack,3994,3.8,3994
Analog Black Dial Men's Watch-CUR007  ,,3.8,,CURREN,,3.8,
Essentials Analog Silver Dial Men's Watch NM77082SL01W/NN77082SL01W  ,799,4.3,₹799,Sonata,799,4.3,799
Shhors Collection Quartz Movement Digital Black Dial Sports Alarm Unisex Watch  ,283,4.1,₹283,Primeshop,283,4.1,283
Classics Analog White Dial Men's Watch-A300  ,618,4.2,₹618,TIMEX,618,4.2,618
Analog Women's Watch  ,"1,354",4.3,"₹1,354",Fastrack,1354,4.3,1354
Analog Black Dial Men's Watch NM7987YL03W/NN7987YL03W  ,649,4.1,₹649,Sonata,649,4.1,649
Zaha New Generation Digital Square Watch for Boys & Girls & Kids (Red)  ,139,5.0,₹139,Generic,139,5.0,139
Riley Analog Rose Gold Dial Women's Watch - ES2811  ,"10,995",4.2,"₹10,995",Fossil,10995,4.2,10995
"APCSA Original New Series 7 D20 Bluetooth Wireless Smart Watch, Fitness Band for Boys, Girls, Men, Women & Kids | Sports Watch for All Smart Phones I Heart Rate and BP Monitor ( Pink )  ",498,3.0,₹498,APCSA,498,3.0,498
Analog-Digital Gold Round Dial Men's Casual Watch-77070PP08  ,"2,899",3.7,"₹2,899",SF,2899,3.7,2899
Chronograph Men's Watch (Black Dial)  ,"12,995",4.3,"₹12,995",Armani Exchange,12995,4.3,12995
Analog White Dial Men's Watch-NL1585SL07  ,"1,995",4.3,"₹1,995",Titan,1995,4.3,1995
Analog Silver Dial Men's Watch-TW000U908  ,"2,096",3.9,"₹2,096",TIMEX,2096,3.9,2096
Sporty Digital Grey Dial Men's Watch-NL77043PP02/NP77043PP02  ,549,4.0,₹549,SF,549,4.0,549
Reflex Vox Smartwatch|Alexa Built-in|Bright HD Display|Upto 10 Days Battery|5 ATM Water Resistance|Multiple Sports Modes|100+ Watchfaces|24x7 HRM|Sp02|Stress Monitor|Camera & Music Control  ,"1,994",3.9,"₹1,994",Fastrack,1994,3.9,1994
Brand A Army Shockproof Waterproof Digital Sports Black Sunglass with Black Baseball Cap Watch for Mens Kids Sports Watch with Cap for Boys - Military Army Watch for Men  ,321,3.7,₹321,SELLORIA,321,3.7,321
"DIZO Watch D2 Power (by realme TechLife) – Large 1.91"" Superlight, Single Chipset Bluetooth Calling Smartwatch with Smart Swipe, 150+Stylish Watch Faces and 10 Day Battery (Steel Grey)  ","1,799",3.7,"₹1,799",DIZO,1799,3.7,1799
Analog White Dial Men's Watch-TW000U933  ,"1,598",4.1,"₹1,598",TIMEX,1598,4.1,1598
IZU Kids Cartoon Character Waterproof Superhero Theme Waterproof Touch Button Silicone Smart Digital LED Band Bracelet Watch (Black) -Pack of 4  ,499,3.2,₹499,IZU,499,3.2,499
"Redmi Watch 2 Lite - 3.94 cm Large HD Edge Display, Multi-System Standalone GPS, Continuous SpO2, Stress & Sleep Monitoring, 24x7 HR, 5ATM, 120+ Watch Faces, 100+ Sports Modes, Women's Health, Blue  ","2,499",3.9,"₹2,499",Redmi,2499,3.9,2499
Analogue Men's Watch (Silver Dial Silver Colored Strap)  ,322,3.9,₹322,AUREX,322,3.9,322
Analog Black Dial Men's Watch-TW000U934  ,"2,160",4.2,"₹2,160",TIMEX,2160,4.2,2160
The Watch (Red Book 1)  ,446,4.5,₹446,Amanda Witt,446,4.5,446
"PTron Force X12N 1.85"" Full Touch HD Display Bluetooth Calling Smartwatch, Functional Crown, 580 NITS Brightness, HR, SpO2, Watch Faces, Inbuilt Games, 5 Days Battery Life & IP68 Waterproof (Blue)  ","1,549",3.8,"₹1,549",pTron,1549,3.8,1549
Luxury Analog Men's Watch (Black Dial Black Colored Strap)  ,649,3.6,₹649,LORENZ,649,3.6,649
Karishma Analog Black Dial Men's Watch-NM9151SM02 / NL9151SM02  ,"1,895",4.1,"₹1,895",Titan,1895,4.1,1895
Analog Multi-Colour Dial Children's Watch-NLC3030PP05/NPC3030PP05W  ,845,4.3,₹845,Zoop,845,4.3,845
"(Renewed) Fire-Boltt Ninja Call Pro Dual Chip Bluetooth Calling Smartwatch, AI Voice Assistance 1.69 HD Display, 100 Sports Modes, with SpO2 & Heart Rate Monitoring, 240*280 Pixel High Resolution  ","1,443",4.0,"₹1,443",Amazon Renewed,1443,4.0,1443
Analog-Digital Black Dial Men's Watch-NL77070PP06/NP77070PP06  ,"2,899",4.2,"₹2,899",SF,2899,4.2,2899
"PTron Newly Launched Force X11P Bluetooth Calling Smartwatch with 1.3"" Full Touch Display, Heart Rate Tracking, SpO2, 100s of Watch Faces, 5 Days Runtime, Fitness Trackers & IP68 Waterproof (Black)  ","1,299",3.4,"₹1,299",pTron,1299,3.4,1299
Digital Grey Dial Men's Watch-NL77072PP02/NP77072PP02  ,599,4.3,₹599,Sonata,599,4.3,599
Xtreme Gear Analog-Digital Grey Round Dial Men's Sport Watch-77070PP07  ,"2,899",4.1,"₹2,899",SF,2899,4.1,2899
"Smart 2 Fashion Smartwatch, 1.78” AMOLED Display with Premium Metal Body, Multiple Sports Modes with 100+ Watchfaces, Complete Health Suite with Stress Monitor, 7 Days Battery Life & 3 ATM  ","5,995",3.9,"₹5,995",Titan,5995,3.9,5995
NOVA Skeleton Automatic Watch Mechanical Wrist Watch for Men Bezel Screw Design Silicone Band Self-Wind Business Watch for Men  ,"3,490",4.2,"₹3,490",ALTURA,3490,4.2,3490
Analog Blue Dial Women's Watch-NL2574SM01/NP2574SM01  ,"1,795",4.3,"₹1,795",Titan,1795,4.3,1795
Boy's Avenger Printed Analog Watch and King Bracelet Combo (Black)  ,249,3.6,₹249,CERO,249,3.6,249
"Samsung Galaxy Watch4 LTE (4.4 cm, Black, Compatible with Android only)  ","18,999",4.3,"₹18,999",Samsung,18999,4.3,18999
Analogue White Slim Dial Luxurious Blue/Red Fabric Strap Fashion Men's Wrist Watch  ,269,3.7,₹269,FRIEDRICH,269,3.7,269
"DIZO Watch D2 Power (by realme TechLife) – Large 1.91"" Superlight, Single Chipset Bluetooth Calling Smartwatch with Smart Swipe, 150+Stylish Watch Faces and 10 Day Battery (Steel Grey)  ","1,799",3.7,"₹1,799",DIZO,1799,3.7,1799
Edifice Stopwatch Men's Chronograph EFR-539BK-1AVUDF (EX187)  ,,4.0,,Casio,,4.0,
Super Fibre Digital Grey Dial Men's Watch-NL87011PP04/NP87011PP04  ,600,4.2,₹600,Sonata,600,4.2,600
Black dial-case and Black Leather Watch for Men Pack of - 1  ,245,3.4,₹245,Acnos,245,3.4,245
Trendies Analog Black Dial Women's Watch-NL68006PP01/NP68006PP01  ,"2,050",4.0,"₹2,050",Fastrack,2050,4.0,2050
"Digital Watch for Men's & Boy's (Multicolored Silver Dial, Black Colored Strap)  ",419,3.8,₹419,Emartos,419,3.8,419
"boAt Blaze Smart Watch with 1.75"" HD Display, Fast Charge, Apollo 3 Blue Plus Processor, 24x7 Heart Rate & SpO2 Monitor, Multiple Watch Faces, Multiple Sports Modes & 7 Days Battery Life(Active Black)  ","1,999",3.8,"₹1,999",boAt,1999,3.8,1999
Zaha New Generation Digital Square Watch for Boys & Girls & Kids (Pink)  ,110,1.5,₹110,Generic,110,1.5,110
Analog Silver Dial Unisex's Watch-NL11418100BM01/NP11418100BM01  ,"3,125",4.3,"₹3,125",Sonata,3125,4.3,3125
Bikers Analog White Dial Men's Watch-NL3022SL01/NP3022SL01  ,"3,595",4.2,"₹3,595",Fastrack,3595,4.2,3595
Analog Black Dial Men's Watch-MTP-VT01L-1BUDF (A1615)  ,"2,405",4.3,"₹2,405",Casio,2405,4.3,2405
Chronograph Design Multi Analog Combo Watches for Men and Watches for Boys Pack of 3  ,355,3.5,₹355,Acnos,355,3.5,355
Analog Black Dial Men's Watch-NG38022PP03W / NG38022PP03C  ,795,4.4,₹795,Fastrack,795,4.4,795
Analog Gold Dial Women's Watch-DK11430-4  ,,4.2,,DANIEL KLEIN,,4.2,
"Newly Launched Maxima Max Pro Knight Bluetooth Calling smartwatch with 44.5mm Round Active Display of 550 Nits Brightness, Voice Assistant, HR & SpO2 Monitor,30+ Excercise Modes, inbuilt Games  ","2,499",3.5,"₹2,499",Maxima,2499,3.5,2499
Analog Black Dial Men's Watch-CUR007  ,,3.8,,CURREN,,3.8,
"Fire-Boltt Ninja Fit Smartwatch Full Touch 1.69 & 120+ Sports Modes with IP68, Multi UI Screen, Over 100 Cloud Based Watch Faces, Built in Games  ","1,299",4.2,"₹1,299",Fire-Boltt,1299,4.2,1299
Shhors Collection Quartz Movement Digital Black Dial Sports Alarm Unisex Watch  ,283,4.1,₹283,Primeshop,283,4.1,283
Sporty Digital Grey Dial Men's Watch-NL77043PP02/NP77043PP02  ,549,4.0,₹549,SF,549,4.0,549
Analog Women's Watch  ,"1,354",4.3,"₹1,354",Fastrack,1354,4.3,1354
Fundamentals Analog Brown Dial Men's Watch-NL38051SL02  ,"1,550",4.2,"₹1,550",Fastrack,1550,4.2,1550
New Fastrack Reflex Beat+ 1.69” UltraVU Display|500 Nits Brightness|60 Sports Modes|24*7 Heart Rate Monitor|SpO2 Monitor|Sleep Tracker|IP68 Water Resistant|Music & Camera Control  ,"1,694",3.9,"₹1,694",Fastrack,1694,3.9,1694
Zaha New Generation Digital Square Watch for Boys & Girls & Kids (Red)  ,139,5.0,₹139,Generic,139,5.0,139
"APCSA Smart Watch for Men & Women Latest Bluetooth 1.3"" LED with Daily Activity Tracker, Heart Rate Sensor, BP Monitor, Sports Gym Watch for All Boys & Girls - Pink  ",599,3.4,₹599,APCSA,599,3.4,599
"Apple Watch SE (GPS + Cellular, 44mm) - Space Grey Aluminium Case with Midnight Sport Band - Regular  ","35,900",4.6,"₹35,900",Apple,35900,4.6,35900
Analog-Digital Gold Round Dial Men's Casual Watch-77070PP08  ,"2,899",3.7,"₹2,899",SF,2899,3.7,2899
Chronograph Men's Watch (Black Dial)  ,"12,995",4.3,"₹12,995",Armani Exchange,12995,4.3,12995
Analog White Dial Men's Watch-NL1639SL03  ,"1,995",4.1,"₹1,995",Titan,1995,4.1,1995
Analog Silver Dial Men's Watch-TW000U908  ,"2,096",3.9,"₹2,096",TIMEX,2096,3.9,2096
Black Round Diamond Dial with Latest Generation Purple & Rosegold Magnet Belt Analogue Watch for Women Pack of - 2 (DM-PURPLE-ROSEGOLD05)  ,345,3.8,₹345,Acnos,345,3.8,345
Essentials Analog White Dial Women's Watch-NM87020SL01W / NL87020SL01W/NP87020SL01W  ,749,4.2,₹749,Sonata,749,4.2,749
Digital Boy's and Girl's Watch DIGITAL-07 (Grey Dial Multicolour Strap)  ,199,3.6,₹199,ON TIME OCTUS,199,3.6,199
Analog White Dial Women's Watch NM8976YL02W / NL8976YL02W  ,649,4.1,₹649,Sonata,649,4.1,649
"Fire-Boltt Ninja 3 1.83"" Display Smartwatch Full Touch with 100+ Sports Modes with IP68, Sp02 Tracking, Over 100 Cloud Based Watch Faces  ","1,299",4.2,"₹1,299",Fire-Boltt,1299,4.2,1299
Zaha New Generation Digital Square Watch for Boys & Girls & Kids (Pink)  ,110,1.5,₹110,Generic,110,1.5,110
Analog White Dial Unisex's Watch-NG38021PP10W / NG38021PP10W  ,795,4.2,₹795,Fastrack,795,4.2,795
Economy 2013 Analog Black Dial Men's Watch-NL3099SM04/NP3099SM04  ,"2,795",4.0,"₹2,795",Fastrack,2795,4.0,2795
Analog Black Dial Men's Watch-MTP-VT01L-1BUDF (A1615)  ,"2,405",4.3,"₹2,405",Casio,2405,4.3,2405
Futuristic White Rosegold Dial Watch  ,749,4.0,₹749,Joker & Witch,749,4.0,749
Analog Black Dial Women's Watch NM8976YL03W/NN8976YL03W  ,675,4.1,₹675,Sonata,675,4.1,675
The Watch  ,0,4.0,₹0,Raitt Emmel Hall,0,4.0,0
Gen 6 Smartwatch Digital Black Dial Men's Watch-FTW4060  ,"24,995",5.0,"₹24,995",Fossil,24995,5.0,24995
Analog Multicolor Small Dial Men's Watch -NM7987SL01W / NL7987SL01W  ,"1,775",3.9,"₹1,775",Sonata,1775,3.9,1775
Essentials Analog Black Dial Men's Watch-NN77082SM01/NP77082SM01  ,899,4.3,₹899,Sonata,899,4.3,899
Gents Karishma Analog Brown Dial Men's Watch-NN1824KM01  ,"3,995",4.2,"₹3,995",Titan,3995,4.2,3995
Leather Strap Analog Wrist Watch for Women (Black/Brown/Red) - CK312  ,279,3.7,₹279,SWISSTONE,279,3.7,279
Bikers Analog White Dial Men's Watch-NL3022SL01/NP3022SL01  ,"3,595",4.2,"₹3,595",Fastrack,3595,4.2,3595
"Smart 2 Fashion Smartwatch, 1.78” AMOLED Display with Premium Metal Body, Multiple Sports Modes with 100+ Watchfaces, Complete Health Suite with Stress Monitor, 7 Days Battery Life & 3 ATM  ","5,995",3.9,"₹5,995",Titan,5995,3.9,5995
Analog Black Dial Men's Watch-TWTG80SMU04  ,"1,998",3.9,"₹1,998",TIMEX,1998,3.9,1998
Karishma Analog Black Dial Men's Watch-NK1578SM04 / NK1578SM04  ,"1,995",4.3,"₹1,995",Titan,1995,4.3,1995
"Fire-Boltt Ring Bluetooth Calling Smartwatch with SpO2 & 1.7” Metal Body with Blood Oxygen Monitoring, Continuous Heart Rate, Full Touch & Multiple Watch Faces (Grey)  ","2,250",4.1,"₹2,250",Fire-Boltt,2250,4.1,2250
Analog Boy's Watch (Multicolour Dial Multi Colored Strap)  ,149,3.6,₹149,RPS FASHION WITH DEVICE OF R,149,3.6,149
"Maxima Max Pro X4+ Rugged Bluetooth Calling Smart Watch 1.32"" Round Always on Premium Display with 360x360 px Resolution, AI Voice Assitant, Advance UI, 340 mah Big Battery, HR/SpO2, 150+ Watch Faces  ","2,499",3.7,"₹2,499",,2499,3.7,2499
Chronograph Design Multi Analog Combo Watches for Men and Watches for Boys Pack of 3  ,355,3.5,₹355,Acnos,355,3.5,355
Digital Grey Dial Men's Watch-NL77072PP02/NP77072PP02  ,599,4.3,₹599,Sonata,599,4.3,599
Unisex Swiss True High Tech Analogue Ceramic Watch (White)  ,"2,999",No reviews,"₹2,999",Maicrogear,2999,,2999
Fundamentals Analog Brown Dial Men's Watch-NL38051SL02  ,"1,550",4.2,"₹1,550",Fastrack,1550,4.2,1550
Zaha New Generation Digital Square Watch for Boys & Girls & Kids (Sky)  ,149,1.9,₹149,Generic,149,1.9,149
"Fire-Boltt Eterno 1.99"" Largest Display, Bluetooth Calling Smartwatch with 1184mm Display Area, AI Voice Assistant, 120+ Sports Modes (Yoga) with Smart Split Screen to Toggle between functions, Gaming on the Wrist  ","2,499",4.2,"₹2,499",Fire-Boltt,2499,4.2,2499
Analog Gold Dial Women's Watch-DK11430-4  ,,4.2,,DANIEL KLEIN,,4.2,
Fundamentals Analog Grey Dial Women's Watch-NL68010SM04/NP68010SM04  ,"1,499",4.3,"₹1,499",Fastrack,1499,4.3,1499
Digital Boy's & Men's Watch (Multicolour Dial Multi Colored Strap)  ,231,3.9,₹231,ZUPERIA,231,3.9,231
Venus Digital Grey Dial Men's Watch-NL7982PP02  ,499,4.0,₹499,SF,499,4.0,499
Shhors Collection Quartz Movement Digital Black Dial Sports Alarm Unisex Watch  ,283,4.1,₹283,Primeshop,283,4.1,283
"Apple Watch Ultra [GPS + Cellular 49 mm] Smart Watch w/Rugged Titanium Case & Green Alpine Loop - Small. Fitness Tracker, Precision GPS, Action Button, Extra-Long BatteryLife, Brighter Retina Display  ","82,999",4.2,"₹82,999",Apple,82999,4.2,82999
Men Club Combo Pack of 3 Watches  ,369,4.0,₹369,RPS FASHION WITH DEVICE OF R,369,4.0,369
Spiderman Analog Black Dial Unisex's Watch-NNC4048PP15  ,935,4.5,₹935,Zoop,935,4.5,935
Casual Analog Black Dial Men's Watch-NL3121SM02/NP3121SM02  ,"1,750",4.2,"₹1,750",Fastrack,1750,4.2,1750
Analog-Digital Gold Round Dial Men's Casual Watch-77070PP08  ,"2,899",3.7,"₹2,899",SF,2899,3.7,2899
Premium Analogue Women Watch (Golden Dial Golden Colored Chain)  ,636,4.2,₹636,jainx,636,4.2,636
NOVA Skeleton Automatic Watch Mechanical Wrist Watch for Men Bezel Screw Design Silicone Band Self-Wind Business Watch for Men  ,"3,490",4.2,"₹3,490",ALTURA,3490,4.2,3490
"CrossBeats Ignite GRIT Smart Watch, 1.83 AMOLED Display with Advanced Bluetooth Calling, Rotating Crown,AI Health Sensors, 150+ Sports Modes, 250+Watch Faces, in-Built Games, 15 Days Battery-Pink  ","2,999",4.3,"₹2,999",CrossBeats,2999,4.3,2999
Analog Black Dial Men's Watch-CUR007  ,,3.8,,CURREN,,3.8,
Chronograph Men's Watch (Black Dial)  ,"12,995",4.3,"₹12,995",Armani Exchange,12995,4.3,12995
"Apple Watch SE (2nd Gen) [GPS 44 mm] Smart Watch w/Starlight Aluminium Case & Starlight Sport Band. Fitness & Sleep Tracker, Crash Detection, Heart Rate Monitor, Retina Display, Water Resistant  ","31,900",4.6,"₹31,900",Apple,31900,4.6,31900
Minimalist Analog Blue Dial Men's Watch-FS5942  ,"11,995",3.8,"₹11,995",Fossil,11995,3.8,11995
Machine Analog Black Dial Men's Watch-FS4931I  ,"9,036",4.3,"₹9,036",Fossil,9036,4.3,9036
Casual Analog Black Dial Men's Watch-NL3121SM02/NP3121SM02  ,"1,750",4.2,"₹1,750",Fastrack,1750,4.2,1750
Premium Analogue Women Watch (Golden Dial Golden Colored Chain)  ,636,4.2,₹636,jainx,636,4.2,636
Analog Multicolor Small Dial Men's Watch -NM7987SL01W / NL7987SL01W  ,"1,775",3.9,"₹1,775",Sonata,1775,3.9,1775
"Apple Watch SE (2nd Gen) [GPS 44 mm] Smart Watch w/Starlight Aluminium Case & Starlight Sport Band. Fitness & Sleep Tracker, Crash Detection, Heart Rate Monitor, Retina Display, Water Resistant  ","31,900",4.6,"₹31,900",Apple,31900,4.6,31900
Zaha New Generation Digital Square Watch for Boys & Girls & Kids (Red)  ,139,5.0,₹139,Generic,139,5.0,139
Machine Analog Black Dial Men's Watch-FS4931I  ,"9,036",4.3,"₹9,036",Fossil,9036,4.3,9036
Analog Blue Dial Women's Watch-TW000X215  ,"2,778",4.4,"₹2,778",TIMEX,2778,4.4,2778
"New Titan Talk Smart Watch|BT Calling|1.39""AMOLED Display|Immersive 454x454 Resolution|Music Storage|TWS Connect|AI Voice|Multisport Modes  ","9,994",3.8,"₹9,994",Titan,9994,3.8,9994
Shhors Collection Quartz Movement Digital Black Dial Sports Alarm Unisex Watch  ,283,4.1,₹283,Primeshop,283,4.1,283
Analog Gold Dial Men's Watch NM7987YL01W/NN7987YL01W/NP7987YL01W  ,625,4.1,₹625,Sonata,625,4.1,625
"Watches: The History of Time,: The Complete Guide to Servicing And Repairing Your Timepiece  ",0,3.4,₹0,Samuel Johnson,0,3.4,0
Analog Dial Women's Watch  ,"2,387.",4.3,"₹2,387.09",French Connection,2387.,4.3,2387.09
"CrossBeats Ignite GRIT Smart Watch, 1.83 AMOLED Display with Advanced Bluetooth Calling, Rotating Crown,AI Health Sensors, 150+ Sports Modes, 250+Watch Faces, in-Built Games, 15 Days Battery-Pink  ","2,999",4.3,"₹2,999",CrossBeats,2999,4.3,2999
Zaha New Generation Digital Square Watch for Boys & Girls & Kids (Pink)  ,110,1.5,₹110,Generic,110,1.5,110
Yuva Analog Black Dial Men's Watch-NL7924SL04/NP7924SL04  ,975,4.1,₹975,Sonata,975,4.1,975
Opus Automatic Watch Mechanical Wrist Watch for Men Octagonal Case with Silicone Band Self-Wind Business Watch for Men  ,"2,990",4.0,"₹2,990",ALTURA,2990,4.0,2990
Analog Gold Dial Men's Watch-NL1650YM04/NP1650YM04  ,"2,815",4.4,"₹2,815",Titan,2815,4.4,2815
Digital Men's Watch (Black Colored Strap)  ,329,3.7,₹329,Scarter,329,3.7,329
Edifice Chronograph Black Dial Men's Watch - EFR-526L-1AVUDF (EX096)  ,"6,494",4.3,"₹6,494",Casio,6494,4.3,6494
White Dial Dora Love Watch Series Analogue Girl's Kids Watch  ,189,3.6,₹189,SWADESI STUFF,189,3.6,189
New Fastrack Reflex Beat+ 1.69” UltraVU Display|500 Nits Brightness|60 Sports Modes|24*7 Heart Rate Monitor|SpO2 Monitor|Sleep Tracker|IP68 Water Resistant|Music & Camera Control  ,"1,694",3.9,"₹1,694",Fastrack,1694,3.9,1694
Brand A Army Shockproof Waterproof Digital Sports Black Sunglass with Black Baseball Cap Watch for Mens Kids Sports Watch with Cap for Boys - Military Army Watch for Men  ,321,3.7,₹321,SELLORIA,321,3.7,321
Analog Blue Dial Men's Watch-NL3117SL04/NP3117SL04  ,"1,400",4.3,"₹1,400",Fastrack,1400,4.3,1400
Digital Boy's & Men's Watch (Multicolour Dial Multi Colored Strap)  ,231,3.9,₹231,ZUPERIA,231,3.9,231
Analog Gold Dial Women's Watch-TW000Q810  ,"3,075",4.4,"₹3,075",TIMEX,3075,4.4,3075
Anolog Blue Dial Men's Watch-SS-GR825-BLK-BLU  ,139,2.6,₹139,SWISSTYLE,139,2.6,139
"Fire-Boltt Ninja 3 1.83"" Display Smartwatch Full Touch with 100+ Sports Modes with IP68, Sp02 Tracking, Over 100 Cloud Based Watch Faces  ","1,299",4.2,"₹1,299",Fire-Boltt,1299,4.2,1299
"SENS NUTON 1 with 1.7 IPS Display, Orbiter, 5ATM & 150+ Watch Faces & Free Additional Strap (Matte Black)  ","1,099",3.9,"₹1,099",SENS,1099,3.9,1099
Enticer Analog Black Dial Men's Watch-MTP-VD01GL-1EVUDF  ,"2,498",4.4,"₹2,498",Casio,2498,4.4,2498
Analog-Digital Men's Watch (Dial Colored Strap)  ,"17,927",4.2,"₹17,927",FEICE,17927,4.2,17927
Analog Black Dial Men's Watch-FS5653  ,"9,495",4.3,"₹9,495",Fossil,9495,4.3,9495
Nate Chronograph Grey Dial Men's Watch - JR1437  ,"8,997",4.3,"₹8,997",Fossil,8997,4.3,8997
"Apple Watch Series 8 [GPS 41 mm] Smart Watch w/Starlight Aluminium Case with Starlight Sport Band. Fitness Tracker, Blood Oxygen & ECG Apps, Always-On Retina Display, Water Resistant  ","43,900",4.6,"₹43,900",Apple,43900,4.6,43900
Formal Analog Men's Watch (Black Dial Multi Colored Strap)  ,389,3.4,₹389,VILLS LAURRENS,389,3.4,389
Barbie Digital Unisex Child Watch (Pink Dial Pink Colored Strap)  ,199,3.3,₹199,Barbie,199,3.3,199
"CrossBeats Spectra max Super Retina AMOLED Always on Display Smart Watch, 1.81 Inch 368 * 448 Resolution Smartwatch, AI ENC BT Calling, Crown Controls, 250+ Watch Faces, 150+ Sports Modes-Blue  ","3,999",4.3,"₹3,999",CrossBeats,3999,4.3,3999
Nakoda Analog Black Dial- Pu Strap & Black King Bracelet Combo Set for Men & Watch for Boys Pair of Watch and Bracelet  ,165,3.1,₹165,Generic,165,3.1,165
"Gen 6 Smartwatch with AMOLED Screen, Snapdragon 4100+ Wear Platform, Wear OS by Google, Google Assistant, SpO2, Wellness Features and Smartphone Notifications  ","24,995",4.0,"₹24,995",Fossil,24995,4.0,24995
Karishma Analog Black Dial Men's Watch-NL1639SM02/NN1639SM02  ,"1,995",4.3,"₹1,995",Titan,1995,4.3,1995
Griffed Mini Leather Watch - DZ4604  ,"19,995",4.0,"₹19,995",Diesel,19995,4.0,19995
"New Smartwatch Max Pro Bold Advanced Bluetooth calling with AAC Speakers & Largest 1.81"" HD Display, AI Voice Assistant, Premium Metal Body,100+ Sports&Watch Faces, HRM, SpO2 & Sleep Monitoring  ","2,599",3.8,"₹2,599",Maxima,2599,3.8,2599
Analogue Men's Watch (Pack of 3) (Multicolored Dial Multicolored Colored Strap)  ,355,3.5,₹355,Acnos,355,3.5,355
Analog-Digital Men's Watch (Black Dial Colored Strap)  ,"2,827",4.3,"₹2,827",Yihou,2827,4.3,2827
Enticer Analog Blue Dial Men's Watch-MTP-VD01D-2EVUDF (A1364)  ,"2,198",4.4,"₹2,198",Casio,2198,4.4,2198
Analog Black Dial Men's Watch-TW000U914  ,"2,865",4.4,"₹2,865",TIMEX,2865,4.4,2865
Boy's Avenger Printed Analog Watch and King Bracelet Combo (Black)  ,249,3.6,₹249,CERO,249,3.6,249
"Smart Watch for Men & Women - ID116 Latest Bluetooth Phone Watch 1.3"" LED with Daily Activity Tracker, Heart Rate Sensor, BP Monitor, Sports Watch for All Boys & Girls - Black  ",479,3.8,₹479,Boxing,479,3.8,479
Digital Grey Dial Children's Watch-NLC3002PV03/NPC3002PV03  ,940,4.2,₹940,Zoop,940,4.2,940
Chronograph Men's Watch (Black Dial)  ,"12,995",4.3,"₹12,995",Armani Exchange,12995,4.3,12995
Enticer Analog Blue Dial Men's Watch-MTP-VD01D-2EVUDF (A1364)  ,"2,198",4.4,"₹2,198",Casio,2198,4.4,2198
Minimalist Analog Blue Dial Men's Watch-FS5942  ,"11,995",3.8,"₹11,995",Fossil,11995,3.8,11995
Analog Black Dial Men's Watch-TW000U914  ,"2,865",4.4,"₹2,865",TIMEX,2865,4.4,2865
Analog Silver Dial Men's Watch-7140SL01/NP7140SL01  ,"2,499",3.6,"₹2,499",Sonata,2499,3.6,2499
"Smart Watch for Men & Women - ID116 Latest Bluetooth Phone Watch 1.3"" LED with Daily Activity Tracker, Heart Rate Sensor, BP Monitor, Sports Watch for All Boys & Girls - Black  ",479,3.8,₹479,Boxing,479,3.8,479
Hip Hop Analog White Dial Women's Watch-NL9827PP01/NP9827PP01  ,"1,960",4.3,"₹1,960",Fastrack,1960,4.3,1960
Analog Silver Dial Men's Watch-TW000U908  ,"2,096",3.9,"₹2,096",TIMEX,2096,3.9,2096
Magnetic Charging Cable Compatible with Dizo Watch 2/Watch 2 Sport/Dizo Watch S/Dizo Watch D (Watch 2/Watch D/S)  ,299,5.0,₹299,ZOVC,299,5.0,299
Brand A Army Shockproof Waterproof Digital Sports Black Sunglass with Black Baseball Cap Watch for Mens Kids Sports Watch with Cap for Boys - Military Army Watch for Men  ,321,3.7,₹321,SELLORIA,321,3.7,321
"Talk S with 1.78"" AMOLED Display|Advanced BT Calling|Music Storage with Wireless Audio Connect|100+ Sports Modes|Animated Watchfaces|5 Days Battery|IP68 Water Resistant|Stress & Mood Monitor  ","8,995",4.0,"₹8,995",Titan,8995,4.0,8995
Digital Men's Watch (Black Colored Strap)  ,329,3.7,₹329,Scarter,329,3.7,329
Men's Digital Sports Watch 50m Waterproof LED Military Multifunction Smart Watch Stopwatch Countdown Auto Date Alarm - 1251  ,,4.0,,SKMEI,,4.0,
IZU Kids Cartoon Character Waterproof Superhero Theme Waterproof Touch Button Silicone Smart Digital LED Band Bracelet Watch (Black) -Pack of 4  ,499,3.2,₹499,IZU,499,3.2,499
Analog Silver Dial Children's Watch-NLC4006PP02/NPC4006PP02  ,775,4.5,₹775,Zoop,775,4.5,775
Watches: The History of Time: Signature Timepieces of The Most Influential People  ,0,3.6,₹0,Samuel Johnson,0,3.6,0
Economy Analog Black Dial Men's Watch-NM3039SL02 / NL3039SL02/NP3039SL02  ,"1,895",4.1,"₹1,895",Fastrack,1895,4.1,1895
Super Fibre Digital Grey Dial Men's Watch-NL87012PP03/NP87012PP03  ,585,4.1,₹585,Sonata,585,4.1,585
